restaurant_id,zone,cuisines,rating,price_for_two,prep_time_min,lat,lon
R0001,Jayanagar,"Italian, South Indian",3.9,700,18,12.925238616518353,77.57463471456698
R0002,Marathahalli,Pizza,3.8,500,23,12.942982925417466,77.6915254126573
R0003,Indiranagar,Pizza,3.6,250,18,12.981577073332828,77.64111872823177
R0004,HSR Layout,"Chinese, Seafood",3.4,700,32,12.905245862810936,77.63864158900485
R0005,Jayanagar,"Chinese, North Indian",3.9,150,30,12.913168272874131,77.58904760954107
R0006,Marathahalli,South Indian,3.7,250,16,12.972100909898447,77.71655290139468
R0007,BTM Layout,Korean,4.2,350,19,12.942636656294024,77.60831234831251
R0008,Malleshwaram,"Chinese, Italian",4.3,500,15,13.026811441545837,77.54764946766743
R0009,Electronic City,Biryani,3.6,500,20,12.853001473165147,77.65511989924799
R0010,Electronic City,Korean,4.4,250,18,12.84201297905105,77.66089735808961
R0011,Electronic City,"South Indian, Pizza",4.6,250,25,12.844355733008745,77.66067627438947
R0012,Jayanagar,"Desserts, Mexican",3.4,350,16,12.929867227161548,77.60047244929616
R0013,Koramangala,Burgers,4.1,150,8,12.930157026970466,77.63019266289706
R0014,Marathahalli,Biryani,4.4,500,10,12.972725720721469,77.69943408681769
R0015,Marathahalli,Burgers,3.9,250,14,12.932471270068056,77.68678352290105
R0016,Jayanagar,"North Indian, Italian",4.4,250,15,12.92145129335215,77.58850632898034
R0017,Hebbal,"South Indian, Biryani",4.2,250,21,13.045412857904807,77.58952668132054
R0018,Marathahalli,"Chinese, Healthy",4.1,350,13,12.946758084232641,77.69767875436776
R0019,Whitefield,Burgers,3.0,500,15,12.966918213305865,77.7582940224231
R0020,Koramangala,North Indian,3.9,250,15,12.942323720994919,77.62934923299477
R0021,Koramangala,Rolls & Wraps,4.0,250,13,12.953419229284453,77.6343880685649
R0022,Whitefield,"Desserts, South Indian",4.6,700,15,12.954272740614005,77.74539100155677
R0023,HSR Layout,Desserts,4.5,350,15,12.895183106146941,77.66550032921943
R0024,Indiranagar,"North Indian, Rolls & Wraps",4.0,250,24,12.967047637745923,77.64887406215117
R0025,Indiranagar,South Indian,4.4,250,13,12.959949569793903,77.6421468161821
R0026,Indiranagar,"Mexican, Chinese, Biryani",3.6,700,19,12.960803458535063,77.64804015901254
R0027,Rajajinagar,"North Indian, Pizza, Chinese",4.1,350,16,12.979928065627664,77.54439087502442
R0028,Rajajinagar,Italian,4.3,250,24,13.006401922578952,77.52719494940847
R0029,Whitefield,South Indian,3.9,150,19,12.966055078183174,77.74271964357116
R0030,Indiranagar,Burgers,4.3,250,26,12.97877650127388,77.6497694834869
R0031,Koramangala,"Pizza, Healthy",4.2,250,13,12.92373442891895,77.62546259247627
R0032,Koramangala,Italian,3.9,150,20,12.942802444900774,77.62285798632786
R0033,HSR Layout,Biryani,4.4,250,16,12.934109168333993,77.63722591915067
R0034,Koramangala,Chinese,4.0,150,13,12.924548441391527,77.601030090089
R0035,Whitefield,Chinese,4.0,250,20,12.990496980452896,77.76709814744977
R0036,BTM Layout,"Biryani, Italian, Pizza",4.4,350,30,12.920973092598015,77.60760526309826
R0037,Jayanagar,Italian,4.0,350,15,12.925202361991465,77.58864554421723
R0038,Malleshwaram,"North Indian, Biryani",4.1,500,19,13.008301485987904,77.5615402447949
R0039,Koramangala,Pizza,4.1,250,12,12.939886317987604,77.63955426973152
R0040,Indiranagar,"Desserts, Biryani, South Indian",3.6,500,12,13.00068525302876,77.65137620974855
R0041,BTM Layout,"Healthy, Korean",4.0,500,15,12.922842648781861,77.59849312642947
R0042,Whitefield,"South Indian, Pizza",4.1,700,17,12.976293286053691,77.76397451558053
R0043,Electronic City,"Burgers, Mexican",3.8,250,18,12.84014200216045,77.65845915497295
R0044,Yelahanka,"Chinese, North Indian",4.2,250,18,13.110768925637572,77.58897349374415
R0045,Jayanagar,"Continental, Rolls & Wraps",4.4,350,9,12.913517836316524,77.59027665135844
R0046,Whitefield,North Indian,3.8,150,17,12.971108047874955,77.74060043299382
R0047,Jayanagar,Healthy,3.0,150,25,12.95959940266937,77.57794947476701
R0048,Koramangala,"Continental, Chinese",4.0,150,12,12.905149720964245,77.6338135715861
R0049,Koramangala,"Desserts, South Indian",2.7,350,20,12.937997763956025,77.62185154169163
R0050,Koramangala,"Biryani, North Indian, Korean",4.0,500,22,12.938459475050546,77.63190651440374
R0051,Hebbal,"Desserts, Italian",2.3,250,19,13.033062931490154,77.60044655997355
R0052,Marathahalli,"Korean, South Indian",3.7,700,23,12.95444576886719,77.70768249333624
R0053,Whitefield,"Chinese, Mexican",3.4,500,12,12.970896917277937,77.72544815833511
R0054,Indiranagar,"North Indian, Italian",4.3,150,25,12.975375960694427,77.63039887700772
R0055,Marathahalli,"North Indian, Desserts",3.8,250,23,12.959563756745851,77.70793237706482
R0056,Hebbal,"North Indian, South Indian, Seafood",3.8,150,21,13.029948671530198,77.58170203167036
R0057,Whitefield,North Indian,4.0,700,27,12.994068713824964,77.75447678100575
R0058,Whitefield,"Rolls & Wraps, Burgers, Biryani",3.1,500,20,12.966775835080432,77.73331154503978
R0059,Malleshwaram,"Burgers, Healthy, Biryani",3.7,350,17,13.010335336891497,77.56979732780194
R0060,Hebbal,Chinese,4.4,350,27,13.027771566801881,77.61631988472723
R0061,Hebbal,Biryani,4.3,250,30,13.046997716364814,77.60629520138397
R0062,Whitefield,Italian,4.4,700,15,12.978601613448216,77.72779110863071
R0063,Koramangala,"Italian, North Indian",4.1,700,19,12.940231122838386,77.6346804568518
R0064,HSR Layout,South Indian,4.0,500,26,12.899271975725378,77.66926685872076
R0065,Whitefield,"Italian, Chinese",3.9,350,20,12.960771163513238,77.78356419212194
R0066,Hebbal,"North Indian, South Indian",4.3,150,23,13.056034075828954,77.60270090884961
R0067,Koramangala,"Biryani, Desserts",4.0,150,25,12.926038315507473,77.60812696091337
R0068,Electronic City,"Continental, North Indian",4.3,150,16,12.85289082604255,77.6654161357363
R0069,Hebbal,"Pizza, South Indian",4.2,350,22,13.024463944037825,77.6161524031801
R0070,Yelahanka,"Italian, Rolls & Wraps, Biryani",3.9,500,20,13.11280059882722,77.594054941843
R0071,Electronic City,South Indian,3.8,700,13,12.836963231710032,77.67271730707459
R0072,BTM Layout,"Biryani, North Indian, Healthy",3.9,250,14,12.905041745349521,77.60002476401347
R0073,Koramangala,Biryani,3.9,250,16,12.926651890279636,77.62896823903752
R0074,Whitefield,"Chinese, Biryani",4.3,150,25,12.963154368840067,77.72012504581795
R0075,Koramangala,Continental,4.0,700,26,12.94005608025909,77.61309597541796
R0076,Yelahanka,"Chinese, Biryani",4.4,500,24,13.101532604473654,77.59622655223262
R0077,Hebbal,Continental,4.1,350,22,13.022658127041046,77.59263971923308
R0078,Koramangala,Biryani,3.8,350,23,12.934864635834414,77.60889259006869
R0079,Koramangala,"South Indian, Biryani, North Indian",4.4,350,21,12.921477983112506,77.61850412562298
R0080,Whitefield,"Chinese, Continental",3.8,250,23,12.977522688380011,77.75395586058161
R0081,Indiranagar,North Indian,3.2,250,24,12.98832283478647,77.63976526895468
R0082,Malleshwaram,"Healthy, Pizza",4.3,250,11,13.003212631937409,77.57033125083845
R0083,Indiranagar,"South Indian, Burgers",4.0,250,15,12.981659840835913,77.64958362563702
R0084,Rajajinagar,South Indian,4.4,350,13,13.012625489327974,77.54838204759119
R0085,Jayanagar,"Pizza, South Indian, North Indian",4.5,250,26,12.923108764091296,77.61011013459662
R0086,Whitefield,"North Indian, South Indian, Chinese",4.1,350,30,12.958468904599389,77.73812874720679
R0087,Koramangala,Seafood,4.1,350,8,12.942150342831253,77.64763603063672
R0088,Yelahanka,Biryani,4.3,350,29,13.087108154810815,77.60965646356593
R0089,Electronic City,"Biryani, Pizza",3.9,700,21,12.842673172440724,77.65592802663386
R0090,HSR Layout,"Biryani, Burgers",4.3,250,25,12.904412119446997,77.64392817554923
R0091,Whitefield,"Pizza, Desserts",4.6,350,22,12.961378162001493,77.75248082709935
R0092,Hebbal,Burgers,4.0,150,29,13.032798948852266,77.60418405115846
R0093,Malleshwaram,"Chinese, Rolls & Wraps",4.1,500,21,13.01429869591457,77.5827345793028
R0094,Malleshwaram,South Indian,4.5,350,11,13.016768025459891,77.55351290502381
R0095,Electronic City,"South Indian, Italian",4.6,250,18,12.856314470357088,77.66544931146474
R0096,Hebbal,Rolls & Wraps,4.3,150,22,13.039836249069541,77.57160182897044
R0097,Whitefield,Pizza,4.2,350,18,12.966707401263347,77.74787239416997
R0098,Marathahalli,"Burgers, Continental",4.2,350,23,12.9286061000552,77.71854695004545
R0099,HSR Layout,"Italian, Continental",3.7,350,20,12.916011931919327,77.63038869161338
R0100,Electronic City,North Indian,3.6,250,17,12.817848019302893,77.64100914656763
R0101,Yelahanka,Burgers,4.7,350,12,13.077619592682323,77.59894954119457
R0102,Yelahanka,Biryani,4.1,350,17,13.098759988130556,77.61294914997008
R0103,Jayanagar,Biryani,4.4,250,20,12.928174926935567,77.59770474541303
R0104,Electronic City,Healthy,4.3,350,8,12.839786981154049,77.63734458523743
R0105,Hebbal,South Indian,4.2,350,15,13.054226373783127,77.57680245904344
R0106,Yelahanka,Mexican,4.3,500,8,13.106245219890221,77.59747295719515
R0107,Rajajinagar,"Biryani, North Indian",3.9,250,16,12.988607105118456,77.53834909096845
R0108,Koramangala,"Italian, North Indian",4.3,250,27,12.951835719342181,77.62614023552686
R0109,Whitefield,"Burgers, Italian",3.8,700,13,12.988581360170768,77.75235194135921
R0110,Hebbal,Biryani,4.0,500,24,13.041950704321696,77.5911229098721
R0111,Rajajinagar,Chinese,4.4,250,36,12.98229690808291,77.57427705152737
R0112,Marathahalli,"Burgers, Italian, South Indian",2.8,700,31,12.950296754827738,77.70818560645921
R0113,Marathahalli,"South Indian, North Indian",3.9,150,21,12.939539135444079,77.71563909054552
R0114,HSR Layout,"Burgers, North Indian",3.6,500,26,12.911090997442393,77.65844698109926
R0115,HSR Layout,Burgers,3.8,250,12,12.898999502702665,77.64559911725661
R0116,Rajajinagar,"Burgers, South Indian",4.3,250,10,12.987651102769641,77.55016663298392
R0117,Whitefield,"Korean, Biryani",3.4,700,21,12.972927203636662,77.74642855955805
R0118,Marathahalli,Burgers,4.2,150,22,12.933095496295952,77.70927322703
R0119,Marathahalli,North Indian,3.8,500,27,12.941735104777745,77.69329561787153
R0120,Malleshwaram,Rolls & Wraps,3.9,350,17,12.997417823341976,77.59030039530441
R0121,Whitefield,Rolls & Wraps,3.7,150,22,12.96916967157532,77.74104956835593
R0122,Marathahalli,Biryani,4.0,700,21,12.950973310403143,77.70367370086755
R0123,Koramangala,Burgers,4.1,350,19,12.931953784823364,77.62175103025545
R0124,Koramangala,Mexican,4.4,500,19,12.926725753646494,77.61909048022736
R0125,HSR Layout,Italian,3.7,500,16,12.894207201898297,77.67346816222957
R0126,Koramangala,North Indian,4.2,150,21,12.9287829906713,77.61923134790305
R0127,BTM Layout,Seafood,4.0,250,21,12.914041977700837,77.6064433458281
R0128,Hebbal,Chinese,4.1,250,17,13.032075318756725,77.58903039681853
R0129,Koramangala,Chinese,3.9,350,24,12.936541551025558,77.62499248738827
R0130,Malleshwaram,"South Indian, Mexican",4.2,150,26,13.008526734845702,77.56838432359189
R0131,Jayanagar,"Chinese, Continental",3.5,250,25,12.933180714722761,77.58036896243155
R0132,Marathahalli,"North Indian, Chinese, South Indian",4.3,500,13,12.949297389973863,77.69600756162782
R0133,Hebbal,Mexican,3.2,250,22,13.016890438352963,77.6043162385134
R0134,Electronic City,"Italian, Chinese",4.1,350,14,12.860459156388744,77.67252384219307
R0135,Koramangala,Cafe,4.7,350,19,12.939825350987332,77.62478800735559
R0136,Koramangala,"North Indian, Burgers, Italian",4.3,150,14,12.923744051785913,77.62520793748783
R0137,Jayanagar,"Biryani, Rolls & Wraps",3.9,250,28,12.92833246067791,77.58946805913882
R0138,BTM Layout,Chinese,4.5,150,24,12.929415936799218,77.60407069957651
R0139,Electronic City,"South Indian, North Indian, Pizza",4.1,350,27,12.865950118302873,77.64916512364141
R0140,Whitefield,"Burgers, Desserts",3.9,150,27,12.972807323313893,77.73132020654913
R0141,Koramangala,"North Indian, Biryani",4.0,500,18,12.947916047648198,77.61607063991072
R0142,Hebbal,"Rolls & Wraps, South Indian",4.4,500,17,13.021284775132223,77.60784863440809
R0143,Whitefield,Desserts,4.3,150,30,12.969369166980838,77.74490699668763
R0144,Marathahalli,North Indian,3.9,500,19,12.952879848208923,77.69694777579566
R0145,Marathahalli,"Biryani, Chinese",4.3,700,11,12.96101083822045,77.69671417760343
R0146,Indiranagar,North Indian,4.1,150,26,12.997734327225235,77.65573649199
R0147,Koramangala,"Mexican, South Indian",4.1,700,21,12.938198672731351,77.61335940915362
R0148,Whitefield,South Indian,4.1,250,29,12.958547711128796,77.75332464006068
R0149,Whitefield,Chinese,4.5,350,21,12.954638737041392,77.74917840639716
R0150,Marathahalli,South Indian,3.8,250,20,12.976649360753047,77.70191512190114
R0151,Malleshwaram,Mexican,3.9,500,29,13.009665520948623,77.57253220488539
R0152,Indiranagar,North Indian,4.0,500,11,12.983776976163702,77.64148597928322
R0153,Jayanagar,North Indian,3.9,700,17,12.920875223337303,77.60331626263981
R0154,Koramangala,Pizza,4.4,700,14,12.938414341416014,77.62414891206444
R0155,Indiranagar,Desserts,3.1,150,9,12.96655648112648,77.6617325167211
R0156,Rajajinagar,"North Indian, Chinese",4.7,350,24,12.996246380268444,77.55303375926759
R0157,Rajajinagar,Biryani,4.2,250,16,12.977501558361112,77.53205839740879
R0158,Rajajinagar,Desserts,3.6,150,26,12.987288538659667,77.56015972429772
R0159,Koramangala,Pizza,4.0,150,22,12.927485282216088,77.62920516166311
R0160,Jayanagar,"Biryani, Korean",4.1,700,24,12.885911588288002,77.59419054038115
R0161,HSR Layout,"Chinese, North Indian, Italian",4.1,350,17,12.9074387764816,77.64428514421255
R0162,Yelahanka,Chinese,4.3,150,15,13.089913602906444,77.57092457120248
R0163,Electronic City,Desserts,3.9,700,21,12.84267532139331,77.63683787125281
R0164,BTM Layout,Biryani,4.2,500,25,12.916620673605783,77.62987023064598
R0165,Koramangala,Desserts,4.0,250,20,12.956415183315778,77.61747396876281
R0166,HSR Layout,"North Indian, Burgers",2.9,350,18,12.91525650796589,77.65898744513063
R0167,Rajajinagar,Pizza,3.9,350,13,12.995609351595803,77.53326360072111
R0168,Whitefield,"Italian, Pizza",3.9,350,21,12.975747366022631,77.73743770045559
R0169,Electronic City,"Desserts, Biryani",4.5,350,16,12.855661702146893,77.66834369136258
R0170,Jayanagar,"Italian, Desserts",4.0,350,20,12.930451353446255,77.59256998757162
R0171,Yelahanka,"North Indian, South Indian",4.2,150,18,13.10408055629309,77.60275200606387
R0172,Indiranagar,South Indian,4.0,350,17,12.986934963022758,77.64063640920884
R0173,BTM Layout,South Indian,4.0,250,22,12.887480386950028,77.60760793643192
R0174,HSR Layout,"North Indian, South Indian",4.1,250,23,12.936668618999345,77.63923947406191
R0175,HSR Layout,"Italian, Healthy",4.4,250,31,12.930676758136562,77.63307196812885
R0176,Jayanagar,"Biryani, North Indian, Seafood",3.8,350,25,12.927605629022311,77.61063241547679
R0177,Indiranagar,"Pizza, Burgers",4.2,250,29,12.961443922595095,77.65960770927356
R0178,BTM Layout,Italian,4.7,250,14,12.931124205189915,77.59763556454307
R0179,Hebbal,"Rolls & Wraps, South Indian",4.5,250,9,13.027473482011224,77.58375105077592
R0180,Yelahanka,"South Indian, Continental",4.3,700,19,13.107106092198899,77.59212672229093
R0181,Yelahanka,Pizza,4.3,250,25,13.085305132778574,77.60038522017835
R0182,Marathahalli,Biryani,4.3,250,24,12.983616882787677,77.69891818150451
R0183,HSR Layout,"Chinese, Healthy",4.2,250,27,12.894293398854696,77.65339424078297
R0184,Malleshwaram,"Rolls & Wraps, Chinese",4.6,350,8,13.0043278328438,77.56900901262865
R0185,Koramangala,"Biryani, Italian",3.8,250,28,12.909733753425861,77.62312442630261
R0186,Malleshwaram,"North Indian, Italian",3.7,250,23,13.003005330573645,77.59855694484123
R0187,Jayanagar,Chinese,4.5,500,10,12.919896577538342,77.58749756098086
R0188,Marathahalli,South Indian,3.9,500,24,12.97054620072687,77.7207793627139
R0189,Whitefield,"Biryani, North Indian",4.3,350,21,12.964695446820897,77.76736235681217
R0190,Whitefield,"Rolls & Wraps, Desserts",4.4,350,21,12.983463482994155,77.75604912207902
R0191,Koramangala,"Biryani, Continental, South Indian",3.9,700,26,12.922910553188936,77.6013864179626
R0192,HSR Layout,"Desserts, Rolls & Wraps",4.4,700,22,12.908216460763462,77.64777268988436
R0193,HSR Layout,Italian,3.3,350,13,12.908457054824954,77.64122366291126
R0194,Indiranagar,"Pizza, Rolls & Wraps",4.3,500,18,12.984347059067595,77.64104108829729
R0195,Indiranagar,"Pizza, Continental",4.3,500,10,12.982820493116884,77.62804439849134
R0196,Electronic City,Continental,4.1,700,24,12.853866701859081,77.6692750953886
R0197,Whitefield,Biryani,3.9,150,29,12.973001967239476,77.76181982032533
R0198,Malleshwaram,Biryani,4.0,700,13,13.011435777919358,77.5836402916248
R0199,Koramangala,North Indian,3.6,350,17,12.924425632855682,77.61991385540338
R0200,Electronic City,"Pizza, South Indian",4.3,350,14,12.849865584002576,77.64748689877544
R0201,Indiranagar,"South Indian, North Indian",4.4,250,16,12.997698471129349,77.64502017699765
R0202,Jayanagar,Biryani,4.4,250,22,12.90484008679135,77.61487289186579
R0203,Jayanagar,"Biryani, Desserts",4.2,500,17,12.930868095459628,77.59463267561536
R0204,Electronic City,"Desserts, Seafood",4.1,350,24,12.853321357335258,77.66562756503335
R0205,HSR Layout,South Indian,3.8,250,27,12.92913423652966,77.64458091864942
R0206,Jayanagar,Biryani,3.4,350,28,12.933712563199483,77.58775835752925
R0207,Indiranagar,South Indian,3.2,150,15,12.979603791305905,77.64869931126326
R0208,HSR Layout,"Continental, South Indian",4.3,350,28,12.916760878346121,77.64612719879194
R0209,Whitefield,South Indian,3.5,350,30,12.960979545985262,77.75484227493835
R0210,Marathahalli,Rolls & Wraps,4.0,350,29,12.952244383131706,77.70719008228733
R0211,HSR Layout,"North Indian, Mexican",3.8,150,19,12.895571565923577,77.65157020206968
R0212,Rajajinagar,Italian,4.1,150,15,13.00944435417213,77.55919426383265
R0213,HSR Layout,Burgers,3.8,250,14,12.91700188782741,77.63716393120689
R0214,Indiranagar,Rolls & Wraps,3.6,350,14,12.967406650476105,77.62983164772383
R0215,Indiranagar,Desserts,4.1,700,20,12.981656283551951,77.64028854072072
R0216,Koramangala,Chinese,4.3,500,24,12.949112172519932,77.62427726415686
R0217,Jayanagar,"Pizza, South Indian",3.3,500,29,12.936913507905453,77.58753212607937
R0218,Malleshwaram,Pizza,3.9,250,17,12.992368336642004,77.57249200355697
R0219,Rajajinagar,"Burgers, North Indian, Mexican",4.1,150,20,12.953993934209446,77.56339860917001
R0220,HSR Layout,North Indian,3.5,500,20,12.916344633018756,77.66165014248985
R0221,Indiranagar,"Desserts, North Indian",4.3,350,16,12.967757564417942,77.65774714247176
R0222,Hebbal,"Pizza, South Indian",3.8,150,25,13.043267930071766,77.58122238004331
R0223,Koramangala,North Indian,3.8,350,23,12.946603244660034,77.6105440171155
R0224,HSR Layout,Chinese,3.8,350,21,12.92496359733396,77.6439242552787
R0225,Malleshwaram,South Indian,4.3,250,22,13.024436885831744,77.57056343849209
R0226,HSR Layout,Rolls & Wraps,4.3,150,23,12.926436283016928,77.64453898395372
R0227,Koramangala,"Chinese, Continental",4.1,350,23,12.956194585945408,77.6178683280378
R0228,Indiranagar,Italian,4.1,150,15,12.994948724118824,77.63714698111762
R0229,Electronic City,"Italian, South Indian",3.4,250,27,12.862794610888265,77.66599976586919
R0230,Koramangala,Biryani,3.9,500,22,12.934709582328427,77.6085445306385
R0231,Electronic City,"Italian, South Indian",4.5,700,16,12.829728082825211,77.68832028607105
R0232,HSR Layout,South Indian,4.0,250,21,12.94138724305379,77.64765192252062
R0233,Whitefield,"Pizza, Italian",4.1,150,22,12.970555435222591,77.76261016873075
R0234,Indiranagar,"North Indian, Chinese",3.9,350,27,12.993144496767691,77.63383994126042
R0235,Malleshwaram,Mexican,3.5,250,15,12.99689670202771,77.57649219511029
R0236,HSR Layout,"Continental, Chinese",4.0,500,28,12.923167069310548,77.64860109287395
R0237,Marathahalli,Biryani,4.3,350,20,12.92756044009952,77.71138170072666
R0238,HSR Layout,South Indian,4.2,250,17,12.906674679307988,77.64501623698612
R0239,Koramangala,"Desserts, Continental, South Indian",3.7,500,17,12.934019066999292,77.64311876280507
R0240,HSR Layout,Italian,4.1,250,14,12.917151305219662,77.62949532983016
R0241,Jayanagar,"North Indian, Desserts, Healthy",4.2,350,9,12.937864296119214,77.60519248596238
R0242,HSR Layout,"North Indian, Pizza",4.3,700,23,12.898470284940435,77.6488246370664
R0243,Malleshwaram,South Indian,4.0,250,32,13.011419618267043,77.55738007961952
R0244,Hebbal,Biryani,4.7,250,9,13.05052000371964,77.62042479044057
R0245,Rajajinagar,Continental,4.2,500,14,13.01975093899305,77.5746843727188
R0246,Electronic City,Chinese,4.1,350,24,12.85367953580605,77.63531355106213
R0247,Jayanagar,"Burgers, North Indian",4.3,250,19,12.919485928222226,77.59592141264815
R0248,Electronic City,"South Indian, Chinese",4.4,150,24,12.8299388241147,77.66866795065677
R0249,Whitefield,"Biryani, Chinese",4.5,250,18,12.991750427574383,77.75530045769982
R0250,Malleshwaram,Biryani,4.1,350,16,13.012348103227117,77.58778635529933
R0251,Malleshwaram,Korean,4.0,250,19,13.003236292421038,77.58529159249017
R0252,Indiranagar,Rolls & Wraps,3.9,250,8,12.958962180469339,77.6439822482758
R0253,Hebbal,Healthy,4.4,250,12,13.024625792589223,77.62432524334893
R0254,Malleshwaram,Chinese,4.3,350,25,13.011075843465289,77.58084215827249
R0255,HSR Layout,North Indian,4.3,500,27,12.91584599628951,77.64318302605787
R0256,Hebbal,"Pizza, Burgers, Biryani",3.8,350,29,13.012444021292403,77.59037182886206
R0257,Koramangala,"Burgers, Healthy",4.2,350,22,12.942791350678021,77.63942009803569
R0258,Koramangala,"Pizza, Chinese",4.3,500,8,12.91637876262136,77.61498454928163
R0259,Whitefield,"North Indian, Chinese, Rolls & Wraps",4.6,250,15,12.986048108823226,77.7450831406465
R0260,Jayanagar,South Indian,3.6,250,29,12.92750267097886,77.59092513730255
R0261,Whitefield,Italian,4.1,150,30,12.964238942615008,77.75426784071931
R0262,BTM Layout,"Healthy, Mexican, Seafood",4.0,250,28,12.928481852069329,77.60777849964447
R0263,Indiranagar,"Rolls & Wraps, South Indian",4.1,700,18,12.98264199146135,77.62499634924224
R0264,Whitefield,North Indian,4.3,250,12,12.98569913130206,77.7639449568559
R0265,Electronic City,Pizza,4.1,500,20,12.846165707360676,77.65534721621458
R0266,Koramangala,Biryani,4.4,150,19,12.936865832396869,77.64873922322559
R0267,Marathahalli,"North Indian, Italian",3.5,350,30,12.953476994808824,77.70474788008711
R0268,Whitefield,"Rolls & Wraps, Chinese",4.3,250,21,12.972955605713205,77.76520648981283
R0269,Yelahanka,"Healthy, Burgers, Italian",3.9,250,20,13.12107541055747,77.60387033817017
R0270,Marathahalli,"Healthy, Chinese",4.6,250,19,12.950866829959267,77.71688067525747
R0271,Koramangala,"Rolls & Wraps, Mexican, Pizza",4.0,350,22,12.942975461791967,77.63134406795517
R0272,Koramangala,Desserts,4.1,350,24,12.924634677003905,77.6273220260079
R0273,Koramangala,"North Indian, Italian",4.2,500,15,12.910399214587859,77.63761880910228
R0274,BTM Layout,"Italian, Rolls & Wraps, Mexican",4.3,500,13,12.919089504884441,77.6399316653751
R0275,Marathahalli,Rolls & Wraps,4.3,350,28,12.961344865081632,77.69786243673674
R0276,HSR Layout,"Chinese, North Indian",4.4,700,9,12.91027938476669,77.65693912385271
R0277,Indiranagar,North Indian,3.5,150,31,12.960448180350733,77.64073706092988
R0278,Hebbal,Biryani,3.6,250,9,13.0394516128957,77.6030727082459
R0279,Indiranagar,North Indian,3.9,250,17,12.981595763609674,77.64130590269092
R0280,Marathahalli,Italian,4.3,350,25,12.946234632426888,77.67520708537147
R0281,Rajajinagar,"Italian, North Indian, Biryani",2.8,350,22,12.975358101142323,77.55009775938714
R0282,Whitefield,"Desserts, Healthy, Korean",4.4,350,11,12.966771344867528,77.7619946608737
R0283,Jayanagar,"Cafe, North Indian",3.9,500,23,12.932835150961333,77.58461752052078
R0284,Indiranagar,"Rolls & Wraps, Korean",3.5,250,21,12.983399856781505,77.65185135731686
R0285,Whitefield,Desserts,4.4,500,18,12.95922995602599,77.75220330997269
R0286,BTM Layout,Biryani,4.5,350,15,12.918243101020265,77.60780211362976
R0287,Marathahalli,Biryani,4.2,350,19,12.967545516865705,77.71196978462339
R0288,Malleshwaram,"Chinese, South Indian",4.3,250,16,12.9894280114888,77.57777237852277
R0289,Jayanagar,Burgers,3.1,250,36,12.92575786441652,77.59884656485438
R0290,Indiranagar,"Pizza, North Indian",3.3,250,20,12.994475691762052,77.65299080243337
R0291,Marathahalli,"Burgers, North Indian",4.2,500,17,12.941600814136473,77.70353717983507
R0292,Jayanagar,Mexican,4.4,350,16,12.938866315492595,77.57406400760414
R0293,Indiranagar,North Indian,4.4,250,30,12.997830249427869,77.63626254952241
R0294,HSR Layout,North Indian,4.1,500,10,12.90893353369795,77.62574717092664
R0295,Electronic City,South Indian,4.0,350,22,12.841083896571805,77.6680883779145
R0296,Marathahalli,"Biryani, Italian",4.1,700,18,12.969297133028235,77.71185439807151
R0297,Indiranagar,"Biryani, North Indian",3.6,350,12,12.976166435499646,77.65210042690559
R0298,Hebbal,South Indian,4.2,350,15,13.007562479591659,77.60286913639075
R0299,Whitefield,"Mexican, Chinese",4.2,350,22,12.968614464863725,77.76161510155268
R0300,Indiranagar,"Seafood, Chinese",4.2,350,14,12.984044847618335,77.6218807599408
R0301,Indiranagar,Mexican,4.3,250,21,12.98728100624299,77.63950919693846
R0302,Rajajinagar,"Pizza, South Indian",4.1,150,30,12.981032450022976,77.5355210081343
R0303,Whitefield,Healthy,4.4,700,20,12.966562386566329,77.74570004464633
R0304,HSR Layout,Seafood,4.0,350,11,12.923322887169828,77.6667950208312
R0305,Indiranagar,Mexican,3.9,350,15,12.97768001654304,77.65391884618826
R0306,Marathahalli,Italian,4.1,350,18,12.938555144072469,77.7090474248777
R0307,Rajajinagar,"South Indian, Biryani",4.2,350,18,13.006451656115445,77.55032055725678
R0308,Whitefield,"Rolls & Wraps, Biryani",3.6,150,22,12.967230667731473,77.73807686258665
R0309,BTM Layout,"Rolls & Wraps, Chinese, Continental",3.1,250,24,12.929694625326178,77.61234433220541
R0310,Koramangala,Biryani,4.0,150,30,12.918454519649602,77.63782810998187
R0311,Koramangala,Burgers,3.6,150,21,12.933748159028932,77.62941845787111
R0312,Electronic City,Pizza,4.6,150,12,12.851316832284127,77.64117171052979
R0313,Marathahalli,Biryani,4.6,500,26,12.955854261661987,77.70235533076539
R0314,Indiranagar,Pizza,3.7,250,28,12.964203925572148,77.6178400616952
R0315,Jayanagar,Burgers,3.2,500,23,12.896358360317878,77.60345020599728
R0316,Whitefield,South Indian,4.4,500,18,12.98807918155404,77.7416839070232
R0317,Jayanagar,Continental,4.3,250,23,12.927976458422817,77.57912254320176
R0318,Electronic City,Burgers,3.7,350,19,12.859201612633495,77.67001516795278
R0319,Yelahanka,Pizza,4.2,350,8,13.111844029192325,77.6030125340462
R0320,HSR Layout,Italian,4.2,700,23,12.918762161913435,77.65018878754897
R0321,Electronic City,North Indian,3.9,350,26,12.841343951738235,77.68650049536582
R0322,Electronic City,Chinese,2.5,250,32,12.85107720310767,77.66781999803507
R0323,Whitefield,Seafood,3.5,250,17,12.986990443356447,77.74226051684087
R0324,Indiranagar,Korean,3.9,500,22,12.979396131139286,77.64703044640981
R0325,Yelahanka,North Indian,4.2,250,21,13.12352041253279,77.59286707187924
R0326,Indiranagar,Italian,3.9,500,21,12.960406937362398,77.65600110586276
R0327,Rajajinagar,Rolls & Wraps,4.1,250,20,12.97231709666485,77.55587172648195
R0328,Koramangala,"Biryani, Mexican",4.0,350,20,12.947056902574232,77.6290590794416
R0329,Rajajinagar,Biryani,4.1,350,21,12.98177508476175,77.53519157907765
R0330,Indiranagar,South Indian,3.9,150,25,13.002920043045146,77.64153621943403
R0331,BTM Layout,South Indian,4.2,150,27,12.932648096454797,77.60942480974882
R0332,Marathahalli,"North Indian, South Indian",3.7,250,16,12.975950858081095,77.68880943853748
R0333,Koramangala,"Cafe, Mexican, Desserts",3.9,500,19,12.945813235666614,77.62184198216333
R0334,Marathahalli,Italian,4.3,350,17,12.945840996515956,77.706329029323
R0335,Electronic City,Italian,4.2,250,16,12.825287900798378,77.66014780480788
R0336,Whitefield,"Pizza, Seafood, Biryani",4.0,350,10,12.987743536030267,77.733054803701
R0337,Indiranagar,"Burgers, Mexican",4.4,150,19,12.960405181527856,77.63752139800164
R0338,Marathahalli,Biryani,4.4,350,22,12.97591862825273,77.69548370253152
R0339,Marathahalli,Mexican,4.4,500,18,12.964935377122751,77.70342216227637
R0340,Whitefield,Biryani,4.0,500,20,12.968884968154159,77.75102639074274
R0341,Hebbal,Chinese,3.1,500,24,13.041104572212024,77.59206064325465
R0342,Indiranagar,South Indian,4.2,250,28,12.98398349122539,77.63539203867892
R0343,Koramangala,"Italian, Chinese, North Indian",3.6,250,18,12.932771075336955,77.62530667105581
R0344,Electronic City,"Burgers, Italian",3.9,500,13,12.862308246819032,77.67175572105984
R0345,Koramangala,Pizza,3.8,150,20,12.951896810327195,77.6278436862725
R0346,Indiranagar,"Chinese, North Indian, South Indian",3.1,150,33,12.980267911621851,77.6578768319035
R0347,Jayanagar,"Seafood, Cafe",4.3,250,12,12.917800067359597,77.60739829174611
R0348,Whitefield,"South Indian, Seafood",4.3,500,23,12.98547144853285,77.76796018995451
R0349,Indiranagar,Chinese,3.7,350,28,12.954129275438335,77.65722353182163
R0350,Marathahalli,"North Indian, Healthy",4.0,700,8,12.962226711284135,77.71985539420089
R0351,Jayanagar,"Desserts, Italian, North Indian",4.2,250,22,12.933874901298507,77.57996228627435
R0352,Malleshwaram,"Biryani, Rolls & Wraps",3.9,250,24,12.993559777982664,77.57736911533492
R0353,Electronic City,Chinese,4.3,250,18,12.856885425849251,77.67481984663436
R0354,HSR Layout,Burgers,4.1,500,16,12.9112833696642,77.66418832786228
R0355,Indiranagar,"Continental, Chinese",3.9,250,17,12.971851598536611,77.63155137424383
R0356,Rajajinagar,North Indian,4.1,700,18,13.003158680075964,77.56038856629917
R0357,Indiranagar,Chinese,4.2,350,18,12.965371786855627,77.6417024367794
R0358,Indiranagar,"Mexican, Chinese",4.3,500,16,12.988830320038767,77.66296472279609
R0359,Malleshwaram,"Healthy, South Indian",4.4,500,17,12.979711845434169,77.55295250050726
R0360,Marathahalli,Pizza,4.0,350,27,12.960328453360773,77.69186852502293
R0361,Electronic City,"Healthy, South Indian",4.0,500,13,12.845726127474562,77.63847239410046
R0362,Koramangala,Rolls & Wraps,4.0,250,9,12.928723650797611,77.6262353954444
R0363,Koramangala,Italian,4.3,500,27,12.939875498414668,77.65166608323123
R0364,Jayanagar,"North Indian, Pizza, Rolls & Wraps",4.2,500,19,12.924045158447587,77.5932679005776
R0365,Marathahalli,Pizza,3.9,350,18,12.969556347527666,77.7023123998703
R0366,HSR Layout,Rolls & Wraps,4.0,250,19,12.918321811865642,77.65400286524748
R0367,Koramangala,"Rolls & Wraps, North Indian, Pizza",4.4,700,20,12.940632330794493,77.62310451417991
R0368,Indiranagar,"Burgers, Biryani, North Indian",4.5,700,16,12.981902334442722,77.64519231222972
R0369,Electronic City,"North Indian, Chinese",3.3,350,24,12.839534002521436,77.66490654003194
R0370,Marathahalli,"Continental, Cafe, Mexican",4.3,700,14,12.953278357400292,77.69095332017487
R0371,Koramangala,Mexican,3.6,350,19,12.93817859008265,77.62337143946141
R0372,Koramangala,Rolls & Wraps,3.3,250,8,12.933119686154715,77.63340319511788
R0373,Indiranagar,"Italian, North Indian",4.2,350,27,12.991737433965197,77.65194291339876
R0374,Koramangala,Rolls & Wraps,4.2,150,18,12.936321402274524,77.64008201987433
R0375,Jayanagar,"North Indian, South Indian",4.1,350,24,12.929511599293903,77.5978252328014
R0376,Koramangala,North Indian,4.2,350,22,12.918367792793253,77.62876942853494
R0377,Electronic City,"Burgers, North Indian, Desserts",3.7,150,24,12.856518763264726,77.66920221838258
R0378,Rajajinagar,South Indian,4.1,250,20,12.984625916875908,77.54536275743713
R0379,Yelahanka,"North Indian, Mexican",4.0,350,22,13.08818815701244,77.58867065137613
R0380,BTM Layout,"Korean, Chinese",4.3,500,14,12.936354232109352,77.60860242570816
R0381,Indiranagar,"South Indian, Biryani",4.0,700,13,12.986771458269192,77.62549978760535
R0382,Koramangala,Biryani,3.2,250,21,12.9469251486267,77.62938280926039
R0383,Whitefield,Continental,3.9,500,16,12.975253954194887,77.76258898443402
R0384,Marathahalli,"Chinese, Desserts",4.2,250,28,12.955782190449154,77.69257947626194
R0385,Koramangala,Pizza,3.8,150,23,12.931844751903325,77.62972179027862
R0386,Whitefield,North Indian,4.0,350,16,12.97914932222548,77.74245042738869
R0387,Whitefield,"Mexican, Biryani",3.5,250,19,12.98339022850686,77.73780109397606
R0388,Indiranagar,North Indian,4.3,500,20,12.977581795024891,77.66546673252512
R0389,Marathahalli,Biryani,4.2,250,19,12.981770514376409,77.6890732023678
R0390,Electronic City,"North Indian, Chinese",4.0,250,22,12.842832177403471,77.64484816818295
R0391,Jayanagar,"Burgers, Healthy",3.4,350,22,12.90827189866132,77.59637658476467
R0392,Hebbal,Biryani,4.3,150,11,13.015141727108073,77.60022225774152
R0393,Koramangala,"Chinese, North Indian",4.0,250,8,12.914946695585448,77.63250678569428
R0394,Koramangala,Healthy,4.3,250,17,12.93023425848913,77.64851473664211
R0395,Whitefield,Burgers,4.1,250,23,12.967015783746646,77.74067444221767
R0396,Electronic City,"Italian, Healthy",3.9,500,18,12.85339119565216,77.65325875794431
R0397,Electronic City,"North Indian, Desserts",4.2,150,27,12.844856703576955,77.67950566596768
R0398,Koramangala,Chinese,4.2,350,19,12.94532045241561,77.63576948518606
R0399,BTM Layout,"Burgers, Chinese",4.3,350,28,12.917138713991475,77.61970097605314
R0400,Whitefield,"Burgers, Biryani, North Indian",3.7,350,27,12.969962257113522,77.74292157565391
R0401,Whitefield,Italian,4.4,350,26,12.962869821511898,77.76351065864495
R0402,Electronic City,"Biryani, Desserts",4.3,350,12,12.862271061524774,77.66983819384218
R0403,BTM Layout,Pizza,4.4,500,19,12.898222188441064,77.61237444721743
R0404,Marathahalli,"Desserts, Rolls & Wraps",4.5,250,26,12.960515723488566,77.69408086627719
R0405,BTM Layout,Pizza,4.1,500,21,12.91442019445901,77.61138034665267
R0406,Indiranagar,"Biryani, South Indian, Cafe",3.9,150,24,12.987781055170055,77.6605818426618
R0407,Electronic City,Chinese,4.1,350,11,12.84495004718613,77.64707238696876
R0408,Malleshwaram,Mexican,4.4,350,31,13.003603724467391,77.56000241118323
R0409,Jayanagar,Mexican,3.9,250,15,12.921800324532285,77.58626637077916
R0410,Whitefield,"Mexican, Biryani, Rolls & Wraps",4.3,150,8,12.986519076849584,77.74507014612789
R0411,Yelahanka,"South Indian, North Indian",4.4,150,17,13.100728870620724,77.59611115976175
R0412,Koramangala,"Healthy, Biryani",4.1,150,8,12.958835814539361,77.63600285233842
R0413,HSR Layout,Pizza,3.7,350,14,12.914866964979531,77.65293696937302
R0414,Hebbal,"Biryani, Rolls & Wraps",3.6,250,36,13.036061118089568,77.59773009260604
R0415,Hebbal,"Burgers, Biryani",3.8,500,18,13.034056076481747,77.60032392170096
R0416,Yelahanka,Mexican,3.5,500,13,13.107470962796222,77.60378789152436
R0417,Hebbal,"Biryani, Mexican",4.5,250,19,13.028739279525114,77.57681952864525
R0418,Koramangala,Pizza,4.0,250,15,12.936948908788468,77.63735901030105
R0419,BTM Layout,"Chinese, South Indian",3.8,250,26,12.916697644169295,77.60018304468537
R0420,HSR Layout,"Rolls & Wraps, Biryani, Italian",4.0,500,15,12.915502972391183,77.64207787554588
R0421,Electronic City,"Biryani, Seafood",4.0,250,22,12.84940036391514,77.66428522386045
R0422,HSR Layout,North Indian,3.7,150,14,12.916423938562207,77.64649513006395
R0423,Malleshwaram,"South Indian, Biryani",4.1,700,35,13.004638856954081,77.57544316529311
R0424,Electronic City,"North Indian, Italian",4.5,350,22,12.864027321908193,77.66190193502148
R0425,Malleshwaram,"Healthy, Mexican",3.6,250,20,13.008570825794191,77.56612801255525
R0426,Indiranagar,Biryani,4.8,500,17,13.009671835460313,77.65914509803251
R0427,Indiranagar,Desserts,3.6,700,17,12.978998216902792,77.64929678638413
R0428,HSR Layout,"Chinese, Pizza",4.2,350,15,12.923106959509463,77.65102540790163
R0429,Koramangala,South Indian,3.7,250,16,12.926487409499504,77.63281023809031
R0430,Marathahalli,"Continental, Pizza",4.5,350,29,12.973709471063735,77.6926360460875
R0431,Whitefield,Pizza,3.8,250,17,12.961348592758705,77.7760972609018
R0432,Jayanagar,Biryani,4.1,350,8,12.930470536215473,77.580748353587
R0433,Koramangala,South Indian,4.1,250,13,12.932026873581231,77.62585802389953
R0434,Indiranagar,Continental,4.2,350,25,12.983824093565403,77.63736288465658
R0435,Electronic City,Desserts,3.7,500,19,12.842382445157542,77.65630702749488
R0436,Whitefield,"Biryani, North Indian",3.7,700,20,12.960328965272945,77.74454891892422
R0437,Indiranagar,South Indian,3.2,500,29,12.975140892522427,77.63153947998802
R0438,Indiranagar,"Seafood, Rolls & Wraps",4.4,150,14,12.9968989614897,77.6550601064577
R0439,Indiranagar,Chinese,3.6,250,25,12.984007315222062,77.62634356646501
R0440,Electronic City,Seafood,4.1,350,16,12.82973379964145,77.6720027667842
R0441,Indiranagar,South Indian,3.8,250,24,12.991544592414881,77.64858245281665
R0442,Whitefield,"Biryani, South Indian",4.1,150,17,12.959101829836072,77.74542930641985
R0443,Marathahalli,"North Indian, South Indian",3.9,500,19,12.965820311456698,77.70749128740552
R0444,Jayanagar,Seafood,4.3,250,24,12.931637981771152,77.59190521178765
R0445,Electronic City,Pizza,4.0,150,24,12.852595725595016,77.64698792393789
R0446,Indiranagar,Pizza,4.0,350,19,13.000638269994019,77.62771479614395
R0447,BTM Layout,"Chinese, Cafe, Burgers",3.9,700,17,12.906656308901177,77.61796529819765
R0448,HSR Layout,"South Indian, Burgers",3.8,350,30,12.918929537310643,77.65464284388422
R0449,Whitefield,Continental,4.5,250,23,12.984915063349188,77.75290413697184
R0450,Hebbal,"Italian, Continental, Rolls & Wraps",3.2,350,19,13.0280798995805,77.59230180152791
R0451,Electronic City,"North Indian, South Indian",3.3,500,17,12.83625095703382,77.65791482159644
R0452,Electronic City,North Indian,3.8,150,27,12.841753749534732,77.65629336211404
R0453,Hebbal,"South Indian, Pizza, Burgers",4.1,350,20,13.039696796429865,77.57603667037787
R0454,Koramangala,"South Indian, Biryani",4.1,350,19,12.918274284712469,77.62523503900307
R0455,Malleshwaram,"Biryani, South Indian",4.5,350,20,13.0101168238903,77.57586945833451
R0456,Marathahalli,"North Indian, Biryani",4.4,250,21,12.939999359099051,77.70191130558534
R0457,Whitefield,South Indian,3.8,500,20,12.985319969909689,77.77122979006423
R0458,Indiranagar,"South Indian, Korean",3.8,250,28,12.984565201937082,77.62874525426204
R0459,Koramangala,"Chinese, North Indian",4.2,150,27,12.958157678465627,77.61656675539727
R0460,BTM Layout,"Burgers, North Indian, Biryani",4.4,150,22,12.924625405127312,77.6116962279482
R0461,Koramangala,Biryani,4.2,350,28,12.931542874586547,77.6274252017223
R0462,Indiranagar,North Indian,4.3,150,19,12.96881587437739,77.61798549649968
R0463,Marathahalli,"South Indian, Biryani",4.1,500,24,12.959766692696933,77.70833237599851
R0464,Marathahalli,"Continental, Mexican",3.9,500,26,12.956536992938265,77.70407980207466
R0465,Indiranagar,"Chinese, Rolls & Wraps, South Indian",4.6,150,25,12.992633668418527,77.61536728467401
R0466,Malleshwaram,"North Indian, Seafood",3.7,500,26,12.992356574203743,77.56819948877337
R0467,Jayanagar,"Italian, Biryani, South Indian",3.9,700,24,12.949250824005533,77.58409750173674
R0468,Malleshwaram,"Pizza, Biryani",4.4,150,31,13.01879732330058,77.56416012082823
R0469,Koramangala,Korean,4.1,350,17,12.932757716436914,77.60844279058387
R0470,Koramangala,Burgers,3.9,700,19,12.956773850771652,77.62949426414409
R0471,Electronic City,South Indian,4.2,500,18,12.835802462859313,77.68134131656684
R0472,Koramangala,Chinese,4.4,350,17,12.937667077478983,77.62768028289004
R0473,Jayanagar,"Biryani, Burgers",4.0,500,8,12.909682347381166,77.56788739077884
R0474,Koramangala,"South Indian, North Indian",3.9,350,28,12.957358831075616,77.627927152448
R0475,Rajajinagar,"Burgers, Biryani",3.7,250,14,12.971831358243028,77.5501643344936
R0476,Hebbal,Healthy,4.3,250,20,13.018514699644854,77.58378784958295
R0477,Malleshwaram,Burgers,3.8,350,12,12.995883442715266,77.57384348597668
R0478,BTM Layout,Burgers,4.5,250,23,12.932467884096114,77.62065717673754
R0479,Hebbal,Pizza,4.3,250,15,13.047258138632946,77.58897807821728
R0480,HSR Layout,Biryani,4.1,250,13,12.913064607538749,77.62767520627027
R0481,HSR Layout,Burgers,4.2,500,21,12.923827114534008,77.6232599331255
R0482,Hebbal,North Indian,3.1,350,18,13.034415035303466,77.58901177887697
R0483,BTM Layout,"North Indian, South Indian",4.6,250,15,12.921669145351217,77.60823395836888
R0484,Yelahanka,"Desserts, Rolls & Wraps",4.2,250,21,13.120520712907874,77.59010793323635
R0485,Rajajinagar,Biryani,4.5,150,24,12.988640573521549,77.54430061488804
R0486,Indiranagar,"North Indian, Pizza",3.9,150,15,12.96920352855074,77.64761479432553
R0487,BTM Layout,Korean,4.2,350,14,12.922244460571925,77.61565391255375
R0488,BTM Layout,"Mexican, South Indian",3.4,150,21,12.925483291689899,77.61249512083313
R0489,Marathahalli,Pizza,4.0,700,23,12.958225372845742,77.71089785341212
R0490,Malleshwaram,Biryani,4.0,250,29,13.015540575764474,77.56172431176645
R0491,Jayanagar,Pizza,4.3,150,13,12.922584890365199,77.5806652891793
R0492,BTM Layout,South Indian,4.2,500,18,12.918130552115002,77.60383199590927
R0493,Koramangala,"Biryani, Seafood, Chinese",3.8,250,28,12.939694898590764,77.61740436673982
R0494,Hebbal,"Pizza, Burgers, South Indian",3.9,250,32,13.039248332456449,77.57238452652743
R0495,Koramangala,Italian,3.6,150,15,12.954559259551466,77.61795317632543
R0496,Whitefield,North Indian,3.8,350,16,12.974234675000003,77.76325820666219
R0497,Koramangala,"Pizza, South Indian",4.1,250,22,12.931553174380944,77.6341102411674
R0498,HSR Layout,"Continental, Pizza",3.7,500,17,12.917935780417892,77.65370220628348
R0499,Indiranagar,"Pizza, South Indian",4.0,350,15,12.990506210083241,77.64237941651884
R0500,BTM Layout,Continental,4.4,500,21,12.925890825298227,77.62748678231371
R0501,Jayanagar,"Desserts, Continental",4.0,350,29,12.933625690853956,77.58107798526159
R0502,Hebbal,Chinese,4.2,500,12,13.017823398277832,77.58542207453644
R0503,Indiranagar,"North Indian, Biryani",4.2,350,29,12.948489848597916,77.65429154328426
R0504,Koramangala,"Biryani, Chinese",4.0,350,17,12.950503174463448,77.62483125876206
R0505,Rajajinagar,"South Indian, Rolls & Wraps",4.4,350,21,12.996866289354474,77.54444586031546
R0506,Marathahalli,Rolls & Wraps,4.4,350,29,12.956641071000616,77.70772309552108
R0507,Jayanagar,Italian,4.0,150,22,12.933331756333363,77.58853839645974
R0508,Malleshwaram,South Indian,4.1,350,18,13.026627719227992,77.55954969405433
R0509,Malleshwaram,Healthy,4.0,250,24,13.020462373990158,77.55921577824559
R0510,Electronic City,"South Indian, Burgers",4.3,350,18,12.856746646873624,77.66405859233231
R0511,BTM Layout,"Healthy, Italian",3.8,150,23,12.90595929240601,77.61256978595956
R0512,Marathahalli,Korean,3.5,150,20,12.94781851036436,77.71930096119986
R0513,Marathahalli,Chinese,4.3,150,25,12.928263143823587,77.69761892904077
R0514,Whitefield,"South Indian, Healthy",4.1,250,11,12.977402161686618,77.74631420661443
R0515,Koramangala,Pizza,4.0,150,14,12.948503526369533,77.64177560236632
R0516,Indiranagar,"Cafe, Korean, Rolls & Wraps",3.4,150,13,12.992682136554299,77.65262776151933
R0517,Rajajinagar,Continental,4.5,350,19,12.999705165655321,77.55423877964515
R0518,Marathahalli,"Biryani, Italian, North Indian",4.0,250,11,12.955051197701271,77.68236784732902
R0519,Whitefield,"Pizza, Italian",4.4,700,15,12.963028670457078,77.7402577426126
R0520,Electronic City,Biryani,3.1,500,15,12.83529562244691,77.64755086243134
R0521,Indiranagar,Continental,3.8,150,29,12.976438901810019,77.64123742132278
R0522,Indiranagar,South Indian,3.6,250,15,12.966666084953243,77.6346999066255
R0523,BTM Layout,Rolls & Wraps,4.2,250,12,12.937671448780105,77.62933485871412
R0524,HSR Layout,"North Indian, South Indian",3.9,250,22,12.895971541363213,77.62854275343471
R0525,Indiranagar,South Indian,4.0,350,30,12.97603536067733,77.62686392339705
R0526,HSR Layout,"North Indian, Biryani",3.9,350,19,12.888365379038829,77.65033554541856
R0527,Whitefield,Mexican,4.2,350,19,12.973358658335576,77.75625723259716
R0528,Marathahalli,South Indian,3.9,250,28,12.956871395482914,77.67005436522925
R0529,BTM Layout,North Indian,4.1,350,25,12.912318515756326,77.58927507809003
R0530,Electronic City,Seafood,4.5,250,22,12.834006600807639,77.65703675568231
R0531,Electronic City,Chinese,4.4,500,16,12.845229542027052,77.67647252357783
R0532,Whitefield,Pizza,4.3,700,22,12.963266469319828,77.7726531306226
R0533,Jayanagar,"Desserts, Biryani, Healthy",3.1,250,14,12.9233575853276,77.58882603011804
R0534,Whitefield,Rolls & Wraps,4.0,500,16,12.993289160023016,77.74795223627096
R0535,Koramangala,"North Indian, Mexican",3.5,500,30,12.93726612659071,77.61445761091258
R0536,Hebbal,North Indian,3.8,350,28,13.042194406495689,77.60459847679863
R0537,HSR Layout,"North Indian, Pizza",3.2,150,24,12.906026422691834,77.66574235501393
R0538,Jayanagar,"Mexican, Chinese, Biryani",3.6,500,9,12.915586773883904,77.60887224884856
R0539,Koramangala,"South Indian, Burgers",4.4,250,12,12.934924507438616,77.62415199264814
R0540,Malleshwaram,"Chinese, Cafe, South Indian",4.3,250,15,13.033547112058228,77.55953761953837
R0541,Indiranagar,Biryani,3.9,350,19,12.974950867661272,77.64089836405172
R0542,HSR Layout,South Indian,4.5,250,12,12.915937253640378,77.6639694404532
R0543,Malleshwaram,"Burgers, Biryani",4.2,150,18,12.993559217818914,77.56479379481983
R0544,HSR Layout,Biryani,3.9,700,31,12.878536735539178,77.62561485164782
R0545,BTM Layout,"Desserts, Burgers",4.1,250,22,12.907122024016822,77.6057798889602
R0546,Indiranagar,"Healthy, North Indian",4.2,350,21,13.006968514328246,77.63745169095814
R0547,Marathahalli,"Rolls & Wraps, Chinese, North Indian",3.6,350,15,12.964044683536697,77.67924442206477
R0548,Yelahanka,"Italian, Pizza",4.4,150,9,13.12039109041264,77.59908444798398
R0549,Jayanagar,North Indian,3.8,500,13,12.920827333180817,77.59987205595907
R0550,Marathahalli,Rolls & Wraps,4.1,350,10,12.928618026754918,77.72341871137782
R0551,HSR Layout,Pizza,4.2,350,20,12.89829549195845,77.63141147651788
R0552,Rajajinagar,Italian,4.2,350,22,12.99636429713253,77.56126625717546
R0553,Hebbal,South Indian,3.9,700,14,13.038651366331237,77.60860203381411
R0554,Marathahalli,"Pizza, North Indian",3.8,700,21,12.95677491444106,77.70733545117122
R0555,BTM Layout,Pizza,3.8,150,29,12.910237011850764,77.59801838040588
R0556,Electronic City,"Biryani, Desserts",4.2,250,31,12.85647658824164,77.64742087983109
R0557,Electronic City,North Indian,3.8,350,25,12.839183839911989,77.6613663610274
R0558,Whitefield,"Pizza, Healthy",4.2,700,19,12.973493802441952,77.75108213191815
R0559,Marathahalli,Biryani,4.5,500,23,12.959243937980391,77.69438679410445
R0560,Hebbal,"South Indian, Biryani",4.1,250,28,13.031377970679653,77.6124996441624
R0561,Electronic City,"South Indian, Chinese",4.0,500,8,12.834624447387526,77.6553909810101
R0562,Indiranagar,Rolls & Wraps,4.3,250,28,12.973272038959324,77.61807559107056
R0563,Jayanagar,North Indian,4.2,250,16,12.947483461392373,77.59111132182595
R0564,Rajajinagar,North Indian,4.4,350,16,13.004949374359194,77.55826328017895
R0565,BTM Layout,Biryani,3.2,250,19,12.928844664775385,77.61420353382474
R0566,Koramangala,Chinese,3.9,350,22,12.925762435518703,77.62851067104567
R0567,Koramangala,Italian,3.8,250,14,12.917947728724398,77.64242786817228
R0568,HSR Layout,Biryani,4.4,500,17,12.924757930589104,77.63402251313958
R0569,Koramangala,"Pizza, South Indian",4.4,700,22,12.9460572071254,77.6194154998198
R0570,Yelahanka,"Pizza, North Indian",3.5,250,22,13.10234698772019,77.61484064845612
R0571,HSR Layout,Desserts,3.5,350,23,12.907153521348999,77.62379180135643
R0572,Jayanagar,Chinese,3.4,350,19,12.90743266414918,77.59315566663356
R0573,Indiranagar,"North Indian, Continental",3.9,250,24,12.988808805332543,77.65554705338285
R0574,HSR Layout,North Indian,4.3,500,26,12.92583362137959,77.66196819501121
R0575,Yelahanka,Italian,4.4,350,25,13.092550890858105,77.60422139647416
R0576,HSR Layout,"Healthy, Korean",4.4,150,22,12.902448804791124,77.65562527162115
R0577,Koramangala,Italian,3.4,500,27,12.950092743100106,77.61200772252333
R0578,Indiranagar,North Indian,4.3,250,25,12.97069762644528,77.65727812500715
R0579,Yelahanka,"Mexican, Italian, Biryani",3.9,250,36,13.122048722494277,77.58189925946456
R0580,Yelahanka,"South Indian, Pizza",4.0,250,27,13.099391378905612,77.58261504376752
R0581,Indiranagar,"Healthy, North Indian",4.3,500,19,12.9737612595176,77.64545448957396
R0582,Electronic City,Mexican,3.9,700,15,12.84574129601456,77.6542838260514
R0583,Koramangala,"Continental, Biryani",4.5,250,17,12.930560419187632,77.62698036038847
R0584,Electronic City,South Indian,4.3,150,17,12.858714548636172,77.66536920495136
R0585,Koramangala,"South Indian, Biryani",4.1,150,23,12.945829721674905,77.6458373168725
R0586,Malleshwaram,"Chinese, North Indian",4.3,350,15,13.01655727551301,77.57480469502678
R0587,BTM Layout,Pizza,4.0,250,27,12.918814236888329,77.6026775883501
R0588,Indiranagar,South Indian,4.4,250,11,12.9729237460203,77.64891785549823
R0589,HSR Layout,North Indian,3.8,250,11,12.911491231910867,77.63741894959902
R0590,Koramangala,"Biryani, Italian",4.0,350,19,12.930091638501157,77.63545786629251
R0591,Whitefield,Biryani,4.1,350,15,12.987399158158194,77.75077553503483
R0592,Koramangala,Korean,4.2,350,12,12.947227284685583,77.62930652579388
R0593,Indiranagar,Italian,4.0,250,16,12.977301723197714,77.61943215227463
R0594,Yelahanka,Desserts,3.7,350,16,13.089582300518744,77.56929105285782
R0595,Koramangala,Korean,3.9,350,20,12.953690076258447,77.60648290921104
R0596,Malleshwaram,Healthy,4.1,350,16,13.005140209626532,77.59054925026838
R0597,Koramangala,"South Indian, Italian",3.8,150,17,12.933637990477639,77.61072214212584
R0598,Jayanagar,"Rolls & Wraps, South Indian",3.3,250,21,12.943595832636628,77.60258771762386
R0599,HSR Layout,South Indian,4.1,350,26,12.905480614239464,77.63969710641308
R0600,BTM Layout,Burgers,3.5,250,30,12.912772877184047,77.60721963880937
R0601,Indiranagar,South Indian,4.4,350,20,12.975630892619492,77.64026335693917
R0602,Indiranagar,"Pizza, Desserts",4.0,250,21,12.962601169940298,77.66052534113373
R0603,Marathahalli,Korean,4.2,250,18,12.96068882438511,77.70811406636949
R0604,Marathahalli,"Biryani, North Indian",4.0,350,23,12.947751863063857,77.70572039768385
R0605,Marathahalli,"Biryani, Healthy",3.7,250,23,12.950051339212266,77.71666038118533
R0606,Koramangala,"Desserts, Pizza",4.2,250,28,12.92674677424718,77.61690163763485
R0607,Indiranagar,"South Indian, Pizza, Biryani",3.9,500,9,12.971355157560353,77.65362011572341
R0608,Malleshwaram,"Pizza, Biryani",3.7,250,19,12.993433026431811,77.5804156311419
R0609,Electronic City,"Chinese, Rolls & Wraps",4.0,700,22,12.84816657013144,77.67087879235892
R0610,Electronic City,Burgers,4.4,250,19,12.843332882890172,77.65833979956507
R0611,Whitefield,"South Indian, Chinese",4.5,500,13,12.970376097658496,77.74475222125066
R0612,Indiranagar,Biryani,4.5,500,11,13.006645456917548,77.63036211625797
R0613,BTM Layout,North Indian,4.4,150,24,12.914733265826811,77.6004138116204
R0614,Marathahalli,"South Indian, Biryani",3.9,350,16,12.964159371466836,77.69009584218729
R0615,Koramangala,"North Indian, Seafood",4.1,350,9,12.943824995192031,77.62890217314191
R0616,BTM Layout,"North Indian, Desserts",3.4,350,26,12.91584572050763,77.60735996424076
R0617,Electronic City,North Indian,4.1,250,23,12.84848558957854,77.66537680237217
R0618,Whitefield,"Mexican, South Indian",3.6,700,20,12.970048378283149,77.75585458423583
R0619,HSR Layout,"Chinese, South Indian",4.2,350,14,12.914030700748537,77.63468292734855
R0620,Marathahalli,"Pizza, Rolls & Wraps",3.5,700,20,12.949861798527822,77.68802277761469
R0621,Whitefield,Desserts,3.9,500,27,12.963869464285041,77.74725607540192
R0622,Electronic City,"Chinese, North Indian",4.5,500,9,12.845403067039397,77.65089855131664
R0623,Marathahalli,"South Indian, Burgers",4.2,350,10,12.933237156273787,77.69053505432568
R0624,Indiranagar,North Indian,4.0,350,16,12.996352873477184,77.6611482441089
R0625,BTM Layout,"Healthy, Mexican, Burgers",3.8,500,20,12.94253029621599,77.59169974273748
R0626,Whitefield,Pizza,4.0,350,17,12.971844203119096,77.77427677312734
R0627,HSR Layout,Italian,4.0,150,24,12.919585630127012,77.65086651660032
R0628,Marathahalli,Italian,4.2,350,26,12.969872692040605,77.71293485939621
R0629,Electronic City,South Indian,4.0,150,22,12.829303963125062,77.67061999380796
R0630,HSR Layout,"North Indian, Chinese, Pizza",3.6,700,24,12.922739335343413,77.6548035101272
R0631,Electronic City,Biryani,4.0,350,22,12.84008272246679,77.68014198158973
R0632,Hebbal,"North Indian, Seafood",4.6,350,19,13.063288690757803,77.58401099973827
R0633,Rajajinagar,Burgers,4.2,250,12,12.989340885160015,77.55062345946665
R0634,Malleshwaram,Pizza,3.9,350,14,13.014398186678061,77.55936583704998
R0635,Indiranagar,"North Indian, Chinese",4.5,250,11,12.976259044835679,77.62044704562761
R0636,HSR Layout,Seafood,3.9,350,19,12.937960313075966,77.6394651065773
R0637,Jayanagar,"Biryani, Continental",4.4,350,21,12.918851797395535,77.61627057333868
R0638,Koramangala,"Healthy, Chinese",4.1,350,11,12.94918106544793,77.62241839963099
R0639,Rajajinagar,Chinese,3.3,250,22,12.999120134589424,77.57630218855999
R0640,Whitefield,Chinese,4.4,350,14,12.974651719539969,77.77502992596132
R0641,Whitefield,Chinese,4.2,350,13,12.972548088812536,77.78594156436435
R0642,Indiranagar,Chinese,3.9,500,17,12.970395849787637,77.66366591622918
R0643,Whitefield,Chinese,3.2,500,15,12.93876732427479,77.778297582384
R0644,Whitefield,Pizza,2.7,500,26,12.982692705301538,77.75390201049267
R0645,Electronic City,"South Indian, North Indian",4.2,250,19,12.839333930675869,77.66293993880424
R0646,Electronic City,South Indian,3.9,150,25,12.859235201724184,77.66373807233458
R0647,Indiranagar,Seafood,4.5,700,16,12.982620373214989,77.64080074645533
R0648,Indiranagar,Chinese,4.3,700,17,12.992803081372243,77.642595957622
R0649,Malleshwaram,"Biryani, North Indian",4.1,150,31,13.013122710241314,77.57862619078183
R0650,Koramangala,Korean,4.1,350,10,12.90562365783425,77.61891018573644
R0651,Jayanagar,Burgers,3.5,250,29,12.932378747394976,77.5772685091463
R0652,Jayanagar,"South Indian, Pizza",3.5,150,31,12.920875894172626,77.59816342557087
R0653,Electronic City,Chinese,4.5,700,24,12.859180134247218,77.6518863419881
R0654,Hebbal,Cafe,4.1,700,18,13.042894489941641,77.58992871803034
R0655,Electronic City,North Indian,4.3,700,28,12.852435628455588,77.65848696123624
R0656,Yelahanka,"South Indian, Rolls & Wraps, Burgers",3.8,150,18,13.0974330864515,77.59183428136559
R0657,Hebbal,"Pizza, North Indian",3.6,350,17,13.024848725694707,77.6103205099102
R0658,Indiranagar,"Continental, Rolls & Wraps, Burgers",3.5,500,19,12.973205356492354,77.63879910152572
R0659,Indiranagar,Biryani,4.3,350,16,12.956801292861629,77.65472539565452
R0660,Whitefield,Mexican,4.0,250,14,12.96271587518544,77.7524721949873
R0661,HSR Layout,"Burgers, Chinese",4.5,350,26,12.894030090805527,77.64633765197678
R0662,Jayanagar,Burgers,4.3,150,15,12.907747110354906,77.59569864583544
R0663,Indiranagar,Continental,4.0,350,20,12.979797746166716,77.62530044163175
R0664,Indiranagar,"North Indian, Pizza",4.3,500,11,12.984808587274047,77.64485692627365
R0665,Whitefield,Healthy,3.9,150,20,12.969418478237897,77.76019027155579
R0666,Marathahalli,North Indian,4.4,250,12,12.950914514031938,77.71299020512215
R0667,Marathahalli,Pizza,3.7,350,14,12.945531102053133,77.68487391097547
R0668,Yelahanka,"Rolls & Wraps, Mexican, Healthy",4.4,350,19,13.096893684091624,77.57807223757308
R0669,Indiranagar,Biryani,4.4,250,26,12.968533323505268,77.63435817769903
R0670,HSR Layout,"Italian, Continental, South Indian",4.1,150,22,12.910846031094545,77.66401594829593
R0671,BTM Layout,Biryani,4.2,500,23,12.898341618711054,77.61275170472297
R0672,Marathahalli,"Chinese, Desserts, South Indian",3.9,250,19,12.965315810938469,77.69180365712302
R0673,Electronic City,"Biryani, South Indian",4.2,350,18,12.838395626535092,77.64276472639683
R0674,Jayanagar,"Pizza, Biryani",4.2,350,24,12.92951508280339,77.58559212834656
R0675,Koramangala,North Indian,4.1,250,16,12.945846663947574,77.61548138645784
R0676,Hebbal,"Burgers, Desserts, Pizza",4.2,350,25,13.039734450583172,77.60822741262373
R0677,Electronic City,"South Indian, Mexican",4.8,350,26,12.854789521475178,77.67235053099265
R0678,Electronic City,"North Indian, South Indian",4.1,350,15,12.820400328845752,77.64760117753372
R0679,Jayanagar,"Rolls & Wraps, Burgers",3.1,350,18,12.919085720035554,77.60283799273898
R0680,HSR Layout,Seafood,4.4,250,16,12.92483692000147,77.65520908278411
R0681,Indiranagar,South Indian,3.6,250,12,12.984510754459794,77.62664383022285
R0682,Rajajinagar,"Desserts, Korean, Biryani",4.2,350,17,13.013781559186617,77.55149417561405
R0683,Jayanagar,Chinese,4.0,350,28,12.945452565759606,77.59788983985788
R0684,Koramangala,"Rolls & Wraps, Chinese, South Indian",4.1,250,14,12.938795105613409,77.6264588250246
R0685,HSR Layout,Rolls & Wraps,4.2,250,28,12.908576256573383,77.6268735070783
R0686,BTM Layout,Italian,3.9,350,18,12.905098735443197,77.6116741894542
R0687,Whitefield,"Biryani, Italian, Chinese",3.6,150,33,12.964090297213577,77.75763517869719
R0688,HSR Layout,South Indian,3.4,500,17,12.906701037098127,77.66635513002642
R0689,Electronic City,North Indian,4.2,350,19,12.83808100969142,77.65217450559824
R0690,Rajajinagar,Chinese,3.9,150,15,12.980579947027108,77.54595456212165
R0691,Marathahalli,Continental,4.0,350,16,12.961718919050263,77.69859359880952
R0692,Malleshwaram,Chinese,4.0,250,28,13.023859676137707,77.57309459105579
R0693,Koramangala,"North Indian, Mexican",4.5,700,22,12.946399081218763,77.62566421321146
R0694,BTM Layout,"Biryani, South Indian",4.3,700,26,12.912730959300756,77.6173516958556
R0695,Hebbal,"Burgers, Chinese",4.4,500,11,13.047968346171208,77.58349776149342
R0696,Jayanagar,North Indian,4.0,350,24,12.929159810402068,77.59856224427156
R0697,Electronic City,"Chinese, North Indian",4.1,700,14,12.844711547788759,77.6512934154373
R0698,Indiranagar,Korean,3.6,350,13,12.977162527292231,77.63907999317533
R0699,HSR Layout,North Indian,3.6,500,22,12.90920071834414,77.66789616352708
R0700,Indiranagar,Burgers,4.2,250,21,12.986212793472848,77.6240210862948
R0701,Koramangala,Rolls & Wraps,4.2,500,20,12.936876040987316,77.62114639037873
R0702,Yelahanka,Chinese,3.8,350,25,13.091958926429076,77.58100425073228
R0703,Indiranagar,Chinese,3.8,250,26,12.969077774690797,77.64263681569462
R0704,Electronic City,Desserts,4.2,700,29,12.84887084777538,77.67277879498468
R0705,Whitefield,Pizza,4.1,350,13,12.9749438145882,77.75203586142614
R0706,Whitefield,Biryani,3.9,500,29,12.966042408268198,77.74859940975998
R0707,HSR Layout,Biryani,4.5,150,30,12.898015932527045,77.66334082794863
R0708,Whitefield,Continental,4.2,350,17,12.98481158140502,77.75396602921727
R0709,Electronic City,"Healthy, Rolls & Wraps, South Indian",4.1,350,10,12.857663255314325,77.67003479267575
R0710,BTM Layout,Chinese,4.4,150,11,12.892751481988318,77.61868308864214
R0711,HSR Layout,"South Indian, Pizza",3.9,500,18,12.927674995079762,77.61288511515012
R0712,Yelahanka,Pizza,4.0,350,32,13.098192290432003,77.59537997433254
R0713,Marathahalli,Burgers,4.2,250,20,12.959179844960325,77.68816310637342
R0714,Electronic City,"Biryani, South Indian",4.2,350,16,12.858858676720631,77.65024819727012
R0715,Indiranagar,North Indian,3.8,150,16,12.99823046543955,77.6584950332879
R0716,Koramangala,Biryani,4.4,500,11,12.947234383420547,77.62000233345613
R0717,Malleshwaram,South Indian,4.0,500,25,13.006392365987407,77.59231081834966
R0718,Electronic City,Continental,4.4,350,19,12.828692311764364,77.64330773895675
R0719,HSR Layout,Chinese,3.5,350,34,12.887285218112183,77.63439595063667
R0720,Malleshwaram,North Indian,3.0,250,26,13.014037907268294,77.57874820793141
R0721,Whitefield,"North Indian, Burgers, Healthy",4.1,250,25,12.985904364148933,77.7459035417629
R0722,Rajajinagar,"Desserts, Italian",4.4,500,18,12.981824261669944,77.55618792803921
R0723,Whitefield,Pizza,3.5,250,15,12.966562640423135,77.74865231808356
R0724,BTM Layout,"Biryani, South Indian",4.4,250,14,12.909912809339374,77.60838908514441
R0725,Indiranagar,Chinese,3.9,250,12,12.971393199118133,77.63714916717521
R0726,Koramangala,Italian,4.1,350,25,12.948099534206703,77.62665392032488
R0727,Marathahalli,Biryani,3.8,500,18,12.959520477593044,77.70879965945034
R0728,Indiranagar,"Biryani, Pizza",3.3,250,27,12.975649860263253,77.66017306581166
R0729,BTM Layout,North Indian,3.7,250,21,12.948490240246125,77.60766984957588
R0730,Electronic City,"Desserts, Pizza",3.9,150,18,12.82798694921191,77.65547634045237
R0731,Indiranagar,"Pizza, Burgers",3.7,250,14,12.98497493297795,77.63453046132248
R0732,Indiranagar,"North Indian, Italian",4.1,250,22,12.965812260577934,77.65843740626039
R0733,BTM Layout,Desserts,4.5,500,18,12.91471075753607,77.61838389876537
R0734,Electronic City,Chinese,4.5,350,24,12.846983660613553,77.63741159888275
R0735,Hebbal,"South Indian, Healthy",3.6,150,16,13.045935148635621,77.57368255156643
R0736,Koramangala,Chinese,3.1,350,26,12.932065817258067,77.61453930544602
R0737,BTM Layout,Chinese,4.2,500,29,12.912196622826439,77.61286174532866
R0738,Jayanagar,South Indian,4.1,250,21,12.92165097882624,77.59339835832938
R0739,Marathahalli,Chinese,4.3,250,24,12.943940567764384,77.70727734262212
R0740,Whitefield,"North Indian, Chinese",3.9,500,24,12.9773877176251,77.7478946786938
R0741,Koramangala,Korean,4.1,150,31,12.938576012449383,77.64126902525655
R0742,BTM Layout,"Seafood, Korean",3.5,500,23,12.921822024055782,77.61936533654529
R0743,Yelahanka,Pizza,3.2,500,26,13.099865483969603,77.5972309192854
R0744,Whitefield,Rolls & Wraps,4.3,500,19,12.967485464481317,77.76374407316641
R0745,BTM Layout,Chinese,4.0,150,15,12.930707204058772,77.59031312530821
R0746,Indiranagar,"Healthy, Continental, North Indian",4.2,150,12,12.990661437641885,77.63977910344802
R0747,Koramangala,Chinese,4.1,500,27,12.952177607034212,77.62615014767353
R0748,Koramangala,Mexican,4.2,350,14,12.939671132217951,77.63172443799942
R0749,HSR Layout,Desserts,4.1,250,24,12.927831969135864,77.62681800796607
R0750,Koramangala,Pizza,3.8,350,23,12.930207008323356,77.62137511711751
R0751,HSR Layout,"Biryani, Chinese",3.6,150,26,12.909189778566304,77.65220552955621
R0752,Koramangala,North Indian,4.3,350,16,12.949541209044183,77.63022594551677
R0753,Marathahalli,"Mexican, North Indian",3.9,700,15,12.967021058459123,77.71533355809744
R0754,Malleshwaram,"Burgers, Healthy, Italian",4.2,350,22,13.000014595117023,77.57873806398888
R0755,Marathahalli,"South Indian, Rolls & Wraps, Korean",3.7,350,19,12.944344901167762,77.70036984740753
R0756,Indiranagar,North Indian,3.2,700,14,12.975952429516092,77.64889968498738
R0757,Rajajinagar,Pizza,4.4,350,31,12.983381578704675,77.55008363637334
R0758,Indiranagar,"Chinese, North Indian",4.2,150,15,12.999094041789865,77.64256128743315
R0759,Rajajinagar,"Pizza, Italian",4.0,350,14,13.000720487722237,77.56203762820176
R0760,Jayanagar,"Seafood, South Indian",4.2,150,18,12.915808929071359,77.59325639048174
R0761,Whitefield,"Biryani, Rolls & Wraps",4.5,250,27,12.957260108472019,77.75434387615438
R0762,Koramangala,"Biryani, North Indian",3.7,350,8,12.925860240714586,77.6360357052318
R0763,Malleshwaram,"North Indian, Biryani",4.1,250,27,12.996794097138405,77.57814597832886
R0764,BTM Layout,"Cafe, Pizza",3.7,150,15,12.914599595274435,77.62490166227057
R0765,Marathahalli,"Chinese, Biryani",3.6,350,22,12.97027455789057,77.72904137957543
R0766,BTM Layout,"Italian, Desserts, Biryani",3.9,250,16,12.905001797303765,77.61853513328029
R0767,BTM Layout,Biryani,3.3,350,33,12.94407444693816,77.60456448938315
R0768,Indiranagar,North Indian,3.6,250,22,12.967080397158057,77.64694187657383
R0769,Marathahalli,South Indian,4.4,350,15,12.939991427226865,77.70672582099789
R0770,Whitefield,Rolls & Wraps,3.0,500,20,12.990059657903881,77.75736212832213
R0771,HSR Layout,Healthy,3.9,150,21,12.927455067198043,77.66534019496686
R0772,Koramangala,"North Indian, South Indian",3.8,500,21,12.933011814426925,77.6042906618922
R0773,Yelahanka,"Biryani, Korean, Chinese",4.3,250,22,13.105275987781495,77.61446605589596
R0774,Marathahalli,"Desserts, Seafood",3.9,250,20,12.961778829429223,77.7233050024167
R0775,Indiranagar,Continental,3.9,250,12,12.980040549144924,77.64761684795924
R0776,Whitefield,Healthy,3.8,250,18,12.954242245538353,77.75710562097468
R0777,HSR Layout,Biryani,3.8,150,24,12.881816393808005,77.64450026231289
R0778,Marathahalli,Healthy,4.1,500,16,12.946763285812118,77.7011758878778
R0779,BTM Layout,Mexican,4.4,500,23,12.938393852936452,77.61847542590978
R0780,Whitefield,"Pizza, Mexican",4.0,700,20,12.99206496203272,77.75760262871324
R0781,HSR Layout,"Mexican, Burgers",4.1,700,19,12.908457956426092,77.65604851676005
R0782,Electronic City,"Pizza, Healthy",4.3,250,27,12.833704429329716,77.66772002285924
R0783,HSR Layout,South Indian,4.2,150,9,12.914937454636753,77.6581806796897
R0784,Jayanagar,"North Indian, South Indian",4.1,150,16,12.930267774345605,77.60323978403983
R0785,Koramangala,"Italian, Mexican",4.1,350,27,12.942408634231528,77.61220781601688
R0786,Indiranagar,"South Indian, North Indian, Italian",3.8,500,31,12.94807565580595,77.65078721652209
R0787,HSR Layout,"Desserts, Biryani",4.2,250,33,12.949493074205902,77.66970303939699
R0788,Hebbal,Biryani,3.7,250,21,13.049389696016524,77.59668047897652
R0789,Whitefield,Burgers,4.3,250,22,12.967425635555124,77.76799375937578
R0790,Indiranagar,"North Indian, Healthy",3.9,500,25,12.96977826843807,77.62979245640106
R0791,Marathahalli,"Chinese, Burgers",4.5,350,27,12.968747668328955,77.70074284856467
R0792,BTM Layout,"South Indian, Pizza",4.1,350,22,12.922544735380415,77.60240610217828
R0793,HSR Layout,"Biryani, Burgers, Chinese",3.6,350,26,12.912705769856414,77.66395065502908
R0794,Koramangala,Italian,4.1,250,23,12.94070001560369,77.6441857186529
R0795,Marathahalli,"Desserts, Korean, South Indian",4.2,250,23,12.955547364749304,77.69990964655895
R0796,HSR Layout,Biryani,3.8,500,15,12.916422347188607,77.66145273827195
R0797,Marathahalli,South Indian,4.4,500,17,12.965616354211441,77.72090751953483
R0798,Indiranagar,"Burgers, South Indian",4.0,250,17,12.982519802488985,77.64040497370446
R0799,Koramangala,North Indian,3.9,250,13,12.938691062779863,77.62605701934156
R0800,Whitefield,Biryani,4.2,150,10,12.986514321598534,77.75880338443552
